key,0,1,2,3,4,5,6,7,8,9,10,11,12,13,14,15,16,17,18,19,20,21,22,23
#,,,,,,,,,,,,,,,,,,,,,,,,
offset,32,33,34,35,36,37,38,39,40,41,42,43,44,45,46,47,0,4,8,12,16,20,24,28
Int32,UInt8,UInt8,UInt8,UInt8,UInt8,UInt8,UInt8,UInt8,UInt8,UInt8,UInt8,UInt8,UInt8,UInt8,UInt8,UInt8,UInt32,UInt32,UInt32,UInt32,UInt32,UInt32,UInt32,UInt32
0.0,0,0,0,0,0,0,0,0,0,0,0,0,0,0,0,0,0,0,0,0,0,0,0,0
65572.0,4,255,255,255,255,255,255,255,2,0,0,0,0,0,0,0,41,0,0,0,0,0,0,0
65576.0,0,255,255,255,255,255,255,255,2,0,0,0,0,0,0,0,5,0,0,0,0,0,0,0
65576.1,2,255,255,255,255,255,255,255,2,0,0,0,0,0,0,0,18,0,0,0,0,0,0,0
65576.2,4,255,255,255,255,255,255,255,2,0,0,0,0,0,0,0,11,0,0,0,0,0,0,0
65587.0,0,255,255,255,255,255,255,255,1,0,0,0,0,0,0,0,5280,0,0,0,0,0,0,0
65587.1,1,255,255,255,255,255,255,255,1,0,0,0,0,0,0,0,5280,0,0,0,0,0,0,0
65597.0,2,255,255,255,255,255,255,255,1,0,0,0,0,0,0,0,3100,0,0,0,0,0,0,0
65597.1,3,255,255,255,255,255,255,255,1,0,0,0,0,0,0,0,3100,0,0,0,0,0,0,0
65599.0,0,255,255,255,255,255,255,255,1,0,0,0,0,0,0,0,3616,0,0,0,0,0,0,0
65600.0,0,255,255,255,255,255,255,255,1,0,0,0,0,0,0,0,3639,0,0,0,0,0,0,0
65600.1,1,255,255,255,255,255,255,255,1,0,0,0,0,0,0,0,3639,0,0,0,0,0,0,0
65601.0,0,0,0,255,255,255,255,255,1,1,1,0,0,0,0,0,3651,2270,4360,0,0,0,0,0
65601.1,1,2,3,255,255,255,255,255,1,1,1,0,0,0,0,0,3651,2270,4360,0,0,0,0,0
65602.0,2,255,255,255,255,255,255,255,1,0,0,0,0,0,0,0,3206,0,0,0,0,0,0,0
65642.0,0,255,255,255,255,255,255,255,1,0,0,0,0,0,0,0,4304,0,0,0,0,0,0,0
65671.0,0,255,255,255,255,255,255,255,1,0,0,0,0,0,0,0,5276,0,0,0,0,0,0,0
65672.0,0,0,255,255,255,255,255,255,1,1,0,0,0,0,0,0,3772,4308,0,0,0,0,0,0
65672.1,1,255,255,255,255,255,255,255,2,0,0,0,0,0,0,0,19,0,0,0,0,0,0,0
65673.0,0,255,255,255,255,255,255,255,1,0,0,0,0,0,0,0,3784,0,0,0,0,0,0,0
65675.0,0,255,255,255,255,255,255,255,1,0,0,0,0,0,0,0,2219,0,0,0,0,0,0,0
65676.0,0,255,255,255,255,255,255,255,1,0,0,0,0,0,0,0,5364,0,0,0,0,0,0,0
65677.0,1,2,255,255,255,255,255,255,1,1,0,0,0,0,0,0,1823,1895,0,0,0,0,0,0
65678.0,0,255,255,255,255,255,255,255,1,0,0,0,0,0,0,0,1827,0,0,0,0,0,0,0
65698.0,2,255,255,255,255,255,255,255,2,0,0,0,0,0,0,0,22,0,0,0,0,0,0,0
65703.0,0,255,255,255,255,255,255,255,2,0,0,0,0,0,0,0,41,0,0,0,0,0,0,0
65703.1,1,1,1,1,1,255,255,255,2,2,2,2,2,0,0,0,41,41,41,41,41,0,0,0
65704.0,1,255,255,255,255,255,255,255,1,0,0,0,0,0,0,0,5371,0,0,0,0,0,0,0
65705.0,0,255,255,255,255,255,255,255,1,0,0,0,0,0,0,0,2015,0,0,0,0,0,0,0
65705.1,1,255,255,255,255,255,255,255,1,0,0,0,0,0,0,0,2015,0,0,0,0,0,0,0
65705.2,2,255,255,255,255,255,255,255,1,0,0,0,0,0,0,0,2015,0,0,0,0,0,0,0
65741.0,0,255,255,255,255,255,255,255,1,0,0,0,0,0,0,0,5361,0,0,0,0,0,0,0
65745.0,0,255,255,255,255,255,255,255,1,0,0,0,0,0,0,0,5275,0,0,0,0,0,0,0
65762.0,0,0,0,0,255,255,255,255,2,2,2,2,0,0,0,0,12,12,12,12,0,0,0,0
65790.0,0,255,255,255,255,255,255,255,1,0,0,0,0,0,0,0,4849,0,0,0,0,0,0,0
65791.0,0,255,255,255,255,255,255,255,1,0,0,0,0,0,0,0,4660,0,0,0,0,0,0,0
65792.0,0,0,0,0,255,255,255,255,2,2,2,2,0,0,0,0,23,23,23,23,0,0,0,0
65792.1,1,255,255,255,255,255,255,255,2,0,0,0,0,0,0,0,23,0,0,0,0,0,0,0
65793.0,0,255,255,255,255,255,255,255,1,0,0,0,0,0,0,0,4640,0,0,0,0,0,0,0
65794.0,2,255,255,255,255,255,255,255,1,0,0,0,0,0,0,0,4642,0,0,0,0,0,0,0
65795.0,0,255,255,255,255,255,255,255,1,0,0,0,0,0,0,0,4730,0,0,0,0,0,0,0
65796.0,0,255,255,255,255,255,255,255,1,0,0,0,0,0,0,0,4644,0,0,0,0,0,0,0
65802.0,2,255,255,255,255,255,255,255,1,0,0,0,0,0,0,0,4645,0,0,0,0,0,0,0
65803.0,1,255,255,255,255,255,255,255,1,0,0,0,0,0,0,0,4677,0,0,0,0,0,0,0
65804.0,1,1,1,255,255,255,255,255,1,1,1,0,0,0,0,0,4712,4733,4749,0,0,0,0,0
65805.0,1,255,255,255,255,255,255,255,1,0,0,0,0,0,0,0,4679,0,0,0,0,0,0,0
65806.0,7,7,7,7,255,255,255,255,1,1,1,1,0,0,0,0,4647,4678,4715,4713,0,0,0,0
65810.0,0,255,255,255,255,255,255,255,1,0,0,0,0,0,0,0,5056,0,0,0,0,0,0,0
65811.0,0,255,255,255,255,255,255,255,1,0,0,0,0,0,0,0,2226,0,0,0,0,0,0,0
65812.0,0,255,255,255,255,255,255,255,1,0,0,0,0,0,0,0,5071,0,0,0,0,0,0,0
65813.0,2,2,255,255,255,255,255,255,1,1,0,0,0,0,0,0,2680,2231,0,0,0,0,0,0
65814.0,0,255,255,255,255,255,255,255,1,0,0,0,0,0,0,0,2236,0,0,0,0,0,0,0
65815.0,0,255,255,255,255,255,255,255,1,0,0,0,0,0,0,0,5058,0,0,0,0,0,0,0
65816.0,2,255,255,255,255,255,255,255,1,0,0,0,0,0,0,0,3096,0,0,0,0,0,0,0
65817.0,0,255,255,255,255,255,255,255,1,0,0,0,0,0,0,0,2502,0,0,0,0,0,0,0
65817.1,1,255,255,255,255,255,255,255,1,0,0,0,0,0,0,0,2502,0,0,0,0,0,0,0
65818.0,1,255,255,255,255,255,255,255,1,0,0,0,0,0,0,0,3149,0,0,0,0,0,0,0
65818.1,2,255,255,255,255,255,255,255,1,0,0,0,0,0,0,0,3149,0,0,0,0,0,0,0
65819.0,0,0,0,255,255,255,255,255,1,1,1,0,0,0,0,0,3861,2830,3868,0,0,0,0,0
65820.0,0,255,255,255,255,255,255,255,1,0,0,0,0,0,0,0,3203,0,0,0,0,0,0,0
65823.0,4,255,255,255,255,255,255,255,2,0,0,0,0,0,0,0,6,0,0,0,0,0,0,0
65823.1,6,255,255,255,255,255,255,255,2,0,0,0,0,0,0,0,58,0,0,0,0,0,0,0
65825.0,4,255,255,255,255,255,255,255,2,0,0,0,0,0,0,0,6,0,0,0,0,0,0,0
65826.0,2,255,255,255,255,255,255,255,2,0,0,0,0,0,0,0,6,0,0,0,0,0,0,0
65826.1,3,255,255,255,255,255,255,255,2,0,0,0,0,0,0,0,6,0,0,0,0,0,0,0
65828.0,0,255,255,255,255,255,255,255,1,0,0,0,0,0,0,0,5056,0,0,0,0,0,0,0
65829.0,0,255,255,255,255,255,255,255,1,0,0,0,0,0,0,0,2341,0,0,0,0,0,0,0
65830.0,0,255,255,255,255,255,255,255,1,0,0,0,0,0,0,0,5091,0,0,0,0,0,0,0
65831.0,1,1,255,255,255,255,255,255,1,1,0,0,0,0,0,0,1605,1753,0,0,0,0,0,0
65832.0,0,255,255,255,255,255,255,255,1,0,0,0,0,0,0,0,2344,0,0,0,0,0,0,0
65833.0,0,255,255,255,255,255,255,255,1,0,0,0,0,0,0,0,5058,0,0,0,0,0,0,0
65834.0,2,255,255,255,255,255,255,255,1,0,0,0,0,0,0,0,2551,0,0,0,0,0,0,0
65835.0,1,255,255,255,255,255,255,255,1,0,0,0,0,0,0,0,1778,0,0,0,0,0,0,0
65836.0,0,255,255,255,255,255,255,255,1,0,0,0,0,0,0,0,2350,0,0,0,0,0,0,0
65837.0,1,1,1,255,255,255,255,255,1,1,1,0,0,0,0,0,1723,1796,1659,0,0,0,0,0
65837.1,2,2,2,255,255,255,255,255,1,1,1,0,0,0,0,0,1723,1796,1659,0,0,0,0,0
65838.0,2,255,255,255,255,255,255,255,1,0,0,0,0,0,0,0,1663,0,0,0,0,0,0,0
65845.0,1,255,255,255,255,255,255,255,2,0,0,0,0,0,0,0,6,0,0,0,0,0,0,0
65845.1,4,255,255,255,255,255,255,255,2,0,0,0,0,0,0,0,6,0,0,0,0,0,0,0
65886.0,1,1,1,255,255,255,255,255,2,2,2,0,0,0,0,0,10,10,10,0,0,0,0,0
65891.0,0,0,0,0,0,0,0,0,0,0,0,0,0,0,0,0,0,0,0,0,0,0,0,0
65898.0,1,255,255,255,255,255,255,255,2,0,0,0,0,0,0,0,34,0,0,0,0,0,0,0
65898.1,2,255,255,255,255,255,255,255,2,0,0,0,0,0,0,0,6,0,0,0,0,0,0,0
65943.0,1,1,255,255,255,255,255,255,2,2,0,0,0,0,0,0,35,35,0,0,0,0,0,0
65948.0,0,255,255,255,255,255,255,255,2,0,0,0,0,0,0,0,12,0,0,0,0,0,0,0
65996.0,6,255,255,255,255,255,255,255,2,0,0,0,0,0,0,0,11,0,0,0,0,0,0,0
65996.1,9,255,255,255,255,255,255,255,2,0,0,0,0,0,0,0,11,0,0,0,0,0,0,0
65996.2,10,255,255,255,255,255,255,255,2,0,0,0,0,0,0,0,11,0,0,0,0,0,0,0
66002.0,0,255,255,255,255,255,255,255,2,0,0,0,0,0,0,0,12,0,0,0,0,0,0,0
66032.0,2,255,255,255,255,255,255,255,2,0,0,0,0,0,0,0,35,0,0,0,0,0,0,0
66057.0,1,2,3,255,255,255,255,255,2,2,2,0,0,0,0,0,59,59,59,0,0,0,0,0
66057.1,4,255,255,255,255,255,255,255,2,0,0,0,0,0,0,0,59,0,0,0,0,0,0,0
66071.0,0,255,255,255,255,255,255,255,1,0,0,0,0,0,0,0,5333,0,0,0,0,0,0,0
66072.0,0,255,255,255,255,255,255,255,1,0,0,0,0,0,0,0,1917,0,0,0,0,0,0,0
66072.1,1,255,255,255,255,255,255,255,1,0,0,0,0,0,0,0,1917,0,0,0,0,0,0,0
66073.0,0,255,255,255,255,255,255,255,1,0,0,0,0,0,0,0,1925,0,0,0,0,0,0,0
66073.1,1,255,255,255,255,255,255,255,1,0,0,0,0,0,0,0,1925,0,0,0,0,0,0,0
66074.0,2,2,2,255,255,255,255,255,1,1,1,0,0,0,0,0,1937,1862,2039,0,0,0,0,0
66074.1,3,3,3,255,255,255,255,255,1,1,1,0,0,0,0,0,1937,1862,2039,0,0,0,0,0
66075.0,1,255,255,255,255,255,255,255,1,0,0,0,0,0,0,0,5376,0,0,0,0,0,0,0
66075.1,2,255,255,255,255,255,255,255,1,0,0,0,0,0,0,0,1942,0,0,0,0,0,0,0
66113.0,0,255,255,255,255,255,255,255,1,0,0,0,0,0,0,0,5487,0,0,0,0,0,0,0
66114.0,0,255,255,255,255,255,255,255,1,0,0,0,0,0,0,0,4564,0,0,0,0,0,0,0
66116.0,0,255,255,255,255,255,255,255,1,0,0,0,0,0,0,0,5515,0,0,0,0,0,0,0
66117.0,0,0,255,255,255,255,255,255,1,1,0,0,0,0,0,0,4597,4595,0,0,0,0,0,0
66117.1,1,1,255,255,255,255,255,255,1,1,0,0,0,0,0,0,4597,4595,0,0,0,0,0,0
66118.0,0,255,255,255,255,255,255,255,1,0,0,0,0,0,0,0,2149,0,0,0,0,0,0,0
66119.0,0,255,255,255,255,255,255,255,1,0,0,0,0,0,0,0,5522,0,0,0,0,0,0,0
66120.0,0,255,255,255,255,255,255,255,1,0,0,0,0,0,0,0,4575,0,0,0,0,0,0,0
66120.1,1,255,255,255,255,255,255,255,1,0,0,0,0,0,0,0,4575,0,0,0,0,0,0,0
66123.0,0,255,255,255,255,255,255,255,1,0,0,0,0,0,0,0,3274,0,0,0,0,0,0,0
66125.0,0,255,255,255,255,255,255,255,1,0,0,0,0,0,0,0,5324,0,0,0,0,0,0,0
66126.0,1,1,255,255,255,255,255,255,1,1,0,0,0,0,0,0,2670,3322,0,0,0,0,0,0
66127.0,2,255,255,255,255,255,255,255,1,0,0,0,0,0,0,0,3039,0,0,0,0,0,0,0
66128.0,3,255,255,255,255,255,255,255,1,0,0,0,0,0,0,0,5326,0,0,0,0,0,0,0
66129.0,1,255,255,255,255,255,255,255,1,0,0,0,0,0,0,0,3823,0,0,0,0,0,0,0
66134.0,2,255,255,255,255,255,255,255,2,0,0,0,0,0,0,0,111,0,0,0,0,0,0,0
66137.0,1,255,255,255,255,255,255,255,2,0,0,0,0,0,0,0,111,0,0,0,0,0,0,0
66146.0,0,255,255,255,255,255,255,255,1,0,0,0,0,0,0,0,5062,0,0,0,0,0,0,0
66147.0,0,255,255,255,255,255,255,255,1,0,0,0,0,0,0,0,4305,0,0,0,0,0,0,0
66149.0,0,255,255,255,255,255,255,255,1,0,0,0,0,0,0,0,5086,0,0,0,0,0,0,0
66149.1,1,255,255,255,255,255,255,255,1,0,0,0,0,0,0,0,5086,0,0,0,0,0,0,0
66150.0,0,0,255,255,255,255,255,255,1,1,0,0,0,0,0,0,4204,4309,0,0,0,0,0,0
66150.1,1,1,255,255,255,255,255,255,1,1,0,0,0,0,0,0,4204,4309,0,0,0,0,0,0
66151.0,0,255,255,255,255,255,255,255,1,0,0,0,0,0,0,0,2111,0,0,0,0,0,0,0
66152.0,0,255,255,255,255,255,255,255,1,0,0,0,0,0,0,0,5064,0,0,0,0,0,0,0
66153.0,0,255,255,255,255,255,255,255,1,0,0,0,0,0,0,0,4218,0,0,0,0,0,0,0
66153.1,1,255,255,255,255,255,255,255,1,0,0,0,0,0,0,0,4218,0,0,0,0,0,0,0
66183.0,2,255,255,255,255,255,255,255,1,0,0,0,0,0,0,0,4556,0,0,0,0,0,0,0
66184.0,0,255,255,255,255,255,255,255,1,0,0,0,0,0,0,0,4599,0,0,0,0,0,0,0
66185.0,0,0,0,255,255,255,255,255,1,1,1,0,0,0,0,0,4607,4608,4606,0,0,0,0,0
66186.0,4,255,255,255,255,255,255,255,1,0,0,0,0,0,0,0,1987,0,0,0,0,0,0,0
66187.0,1,255,255,255,255,255,255,255,1,0,0,0,0,0,0,0,3125,0,0,0,0,0,0,0
66188.0,1,255,255,255,255,255,255,255,1,0,0,0,0,0,0,0,3413,0,0,0,0,0,0,0
66189.0,1,1,1,255,255,255,255,255,1,1,1,0,0,0,0,0,3176,3429,2829,0,0,0,0,0
66190.0,0,0,0,255,255,255,255,255,1,1,1,0,0,0,0,0,3215,3475,2895,0,0,0,0,0
66191.0,0,255,255,255,255,255,255,255,1,0,0,0,0,0,0,0,2078,0,0,0,0,0,0,0
66192.0,0,255,255,255,255,255,255,255,1,0,0,0,0,0,0,0,2125,0,0,0,0,0,0,0
66192.1,1,255,255,255,255,255,255,255,1,0,0,0,0,0,0,0,2125,0,0,0,0,0,0,0
66193.0,0,0,0,255,255,255,255,255,1,1,1,0,0,0,0,0,2872,2876,2878,0,0,0,0,0
66193.1,2,2,2,255,255,255,255,255,1,1,1,0,0,0,0,0,2872,2876,2878,0,0,0,0,0
66194.0,0,255,255,255,255,255,255,255,1,0,0,0,0,0,0,0,4514,0,0,0,0,0,0,0
66198.0,0,255,255,255,255,255,255,255,2,0,0,0,0,0,0,0,19,0,0,0,0,0,0,0
66198.1,1,255,255,255,255,255,255,255,2,0,0,0,0,0,0,0,49,0,0,0,0,0,0,0
66198.2,2,255,255,255,255,255,255,255,2,0,0,0,0,0,0,0,34,0,0,0,0,0,0,0
66205.0,0,0,0,0,0,0,0,0,0,0,0,0,0,0,0,0,0,0,0,0,0,0,0,0
66222.0,0,0,0,0,0,0,0,0,0,0,0,0,0,0,0,0,0,0,0,0,0,0,0,0
66222.1,0,0,0,0,0,0,0,0,0,0,0,0,0,0,0,0,0,0,0,0,0,0,0,0
66222.2,0,0,0,0,0,0,0,0,0,0,0,0,0,0,0,0,0,0,0,0,0,0,0,0
66222.3,0,0,0,0,0,0,0,0,0,0,0,0,0,0,0,0,0,0,0,0,0,0,0,0
66222.4,0,0,0,0,0,0,0,0,0,0,0,0,0,0,0,0,0,0,0,0,0,0,0,0
66222.5,0,0,0,0,0,0,0,0,0,0,0,0,0,0,0,0,0,0,0,0,0,0,0,0
66227.0,0,0,0,0,0,0,0,0,0,0,0,0,0,0,0,0,0,0,0,0,0,0,0,0
66227.1,0,0,0,0,0,0,0,0,0,0,0,0,0,0,0,0,0,0,0,0,0,0,0,0
66227.2,0,0,0,0,0,0,0,0,0,0,0,0,0,0,0,0,0,0,0,0,0,0,0,0
66239.0,0,0,0,0,0,0,0,0,0,0,0,0,0,0,0,0,0,0,0,0,0,0,0,0
66251.0,2,255,255,255,255,255,255,255,2,0,0,0,0,0,0,0,11,0,0,0,0,0,0,0
66253.0,0,1,2,3,4,5,6,7,2,2,2,2,2,2,2,2,11,11,11,11,11,11,11,11
66256.0,0,255,255,255,255,255,255,255,2,0,0,0,0,0,0,0,28,0,0,0,0,0,0,0
66256.1,1,255,255,255,255,255,255,255,2,0,0,0,0,0,0,0,44,0,0,0,0,0,0,0
66256.2,2,255,255,255,255,255,255,255,2,0,0,0,0,0,0,0,29,0,0,0,0,0,0,0
66264.0,4,255,255,255,255,255,255,255,2,0,0,0,0,0,0,0,19,0,0,0,0,0,0,0
66280.0,0,255,255,255,255,255,255,255,2,0,0,0,0,0,0,0,22,0,0,0,0,0,0,0
66320.0,4,255,255,255,255,255,255,255,2,0,0,0,0,0,0,0,35,0,0,0,0,0,0,0
66364.0,0,1,2,3,4,5,255,255,2,2,2,2,2,2,0,0,3,3,3,3,3,3,0,0
66365.0,1,255,255,255,255,255,255,255,2,0,0,0,0,0,0,0,30,0,0,0,0,0,0,0
66374.0,0,255,255,255,255,255,255,255,2,0,0,0,0,0,0,0,22,0,0,0,0,0,0,0
66404.0,0,255,255,255,255,255,255,255,2,0,0,0,0,0,0,0,28,0,0,0,0,0,0,0
66424.0,1,255,255,255,255,255,255,255,2,0,0,0,0,0,0,0,34,0,0,0,0,0,0,0
66424.1,2,255,255,255,255,255,255,255,2,0,0,0,0,0,0,0,35,0,0,0,0,0,0,0
66424.2,3,255,255,255,255,255,255,255,2,0,0,0,0,0,0,0,6,0,0,0,0,0,0,0
66424.3,4,255,255,255,255,255,255,255,2,0,0,0,0,0,0,0,46,0,0,0,0,0,0,0
66424.4,5,255,255,255,255,255,255,255,2,0,0,0,0,0,0,0,15,0,0,0,0,0,0,0
66454.0,0,255,255,255,255,255,255,255,2,0,0,0,0,0,0,0,12,0,0,0,0,0,0,0
66456.0,0,255,255,255,255,255,255,255,2,0,0,0,0,0,0,0,12,0,0,0,0,0,0,0
66476.0,2,255,255,255,255,255,255,255,2,0,0,0,0,0,0,0,12,0,0,0,0,0,0,0
66540.0,0,255,255,255,255,255,255,255,2,0,0,0,0,0,0,0,59,0,0,0,0,0,0,0
66541.0,8,255,255,255,255,255,255,255,2,0,0,0,0,0,0,0,41,0,0,0,0,0,0,0
66547.0,0,255,255,255,255,255,255,255,2,0,0,0,0,0,0,0,19,0,0,0,0,0,0,0
66579.0,1,2,3,255,255,255,255,255,2,2,2,0,0,0,0,0,30,30,30,0,0,0,0,0
66579.1,4,255,255,255,255,255,255,255,2,0,0,0,0,0,0,0,30,0,0,0,0,0,0,0
66618.0,0,1,2,255,255,255,255,255,2,2,2,0,0,0,0,0,58,58,58,0,0,0,0,0
66618.1,6,255,255,255,255,255,255,255,2,0,0,0,0,0,0,0,58,0,0,0,0,0,0,0
66700.0,2,255,255,255,255,255,255,255,2,0,0,0,0,0,0,0,7,0,0,0,0,0,0,0
66700.1,3,255,255,255,255,255,255,255,2,0,0,0,0,0,0,0,29,0,0,0,0,0,0,0
66704.0,6,255,255,255,255,255,255,255,2,0,0,0,0,0,0,0,7,0,0,0,0,0,0,0
66704.1,7,255,255,255,255,255,255,255,2,0,0,0,0,0,0,0,29,0,0,0,0,0,0,0
66708.0,6,255,255,255,255,255,255,255,2,0,0,0,0,0,0,0,7,0,0,0,0,0,0,0
66708.1,7,255,255,255,255,255,255,255,2,0,0,0,0,0,0,0,29,0,0,0,0,0,0,0
66746.0,1,255,255,255,255,255,255,255,2,0,0,0,0,0,0,0,12,0,0,0,0,0,0,0
66826.0,2,255,255,255,255,255,255,255,2,0,0,0,0,0,0,0,35,0,0,0,0,0,0,0
66829.0,1,255,255,255,255,255,255,255,2,0,0,0,0,0,0,0,45,0,0,0,0,0,0,0
66829.1,4,255,255,255,255,255,255,255,2,0,0,0,0,0,0,0,34,0,0,0,0,0,0,0
66843.0,0,1,2,255,255,255,255,255,2,2,2,0,0,0,0,0,11,11,11,0,0,0,0,0
66847.0,0,255,255,255,255,255,255,255,2,0,0,0,0,0,0,0,85,0,0,0,0,0,0,0
66847.1,1,255,255,255,255,255,255,255,2,0,0,0,0,0,0,0,85,0,0,0,0,0,0,0
66847.2,2,255,255,255,255,255,255,255,2,0,0,0,0,0,0,0,85,0,0,0,0,0,0,0
66847.3,3,255,255,255,255,255,255,255,2,0,0,0,0,0,0,0,85,0,0,0,0,0,0,0
66869.0,1,1,1,1,1,255,255,255,2,2,2,2,2,0,0,0,35,35,35,35,35,0,0,0
66884.0,4,255,255,255,255,255,255,255,2,0,0,0,0,0,0,0,23,0,0,0,0,0,0,0
66963.0,2,255,255,255,255,255,255,255,2,0,0,0,0,0,0,0,11,0,0,0,0,0,0,0
66979.0,5,255,255,255,255,255,255,255,2,0,0,0,0,0,0,0,35,0,0,0,0,0,0,0
66990.0,3,255,255,255,255,255,255,255,2,0,0,0,0,0,0,0,17,0,0,0,0,0,0,0
66991.0,2,255,255,255,255,255,255,255,2,0,0,0,0,0,0,0,12,0,0,0,0,0,0,0
67023.0,2,255,255,255,255,255,255,255,1,0,0,0,0,0,0,0,8129,0,0,0,0,0,0,0
67023.1,3,255,255,255,255,255,255,255,1,0,0,0,0,0,0,0,8129,0,0,0,0,0,0,0
67024.0,3,255,255,255,255,255,255,255,1,0,0,0,0,0,0,0,8130,0,0,0,0,0,0,0
67025.0,4,255,255,255,255,255,255,255,1,0,0,0,0,0,0,0,8131,0,0,0,0,0,0,0
67027.0,2,255,255,255,255,255,255,255,1,0,0,0,0,0,0,0,8132,0,0,0,0,0,0,0
67029.0,1,255,255,255,255,255,255,255,1,0,0,0,0,0,0,0,8133,0,0,0,0,0,0,0
67029.1,12,255,255,255,255,255,255,255,1,0,0,0,0,0,0,0,8134,0,0,0,0,0,0,0
67030.0,6,255,255,255,255,255,255,255,1,0,0,0,0,0,0,0,8091,0,0,0,0,0,0,0
67031.0,3,255,255,255,255,255,255,255,1,0,0,0,0,0,0,0,8092,0,0,0,0,0,0,0
67032.0,5,255,255,255,255,255,255,255,1,0,0,0,0,0,0,0,8093,0,0,0,0,0,0,0
67033.0,2,255,255,255,255,255,255,255,1,0,0,0,0,0,0,0,8094,0,0,0,0,0,0,0
67034.0,4,255,255,255,255,255,255,255,1,0,0,0,0,0,0,0,8105,0,0,0,0,0,0,0
67035.0,4,255,255,255,255,255,255,255,1,0,0,0,0,0,0,0,8106,0,0,0,0,0,0,0
67036.0,8,255,255,255,255,255,255,255,1,0,0,0,0,0,0,0,8107,0,0,0,0,0,0,0
67037.0,2,255,255,255,255,255,255,255,1,0,0,0,0,0,0,0,8108,0,0,0,0,0,0,0
67038.0,7,255,255,255,255,255,255,255,1,0,0,0,0,0,0,0,8109,0,0,0,0,0,0,0
67039.0,2,255,255,255,255,255,255,255,1,0,0,0,0,0,0,0,8110,0,0,0,0,0,0,0
67040.0,4,255,255,255,255,255,255,255,1,0,0,0,0,0,0,0,8095,0,0,0,0,0,0,0
67041.0,2,255,255,255,255,255,255,255,1,0,0,0,0,0,0,0,8096,0,0,0,0,0,0,0
67042.0,2,255,255,255,255,255,255,255,1,0,0,0,0,0,0,0,8097,0,0,0,0,0,0,0
67043.0,2,255,255,255,255,255,255,255,1,0,0,0,0,0,0,0,8098,0,0,0,0,0,0,0
67044.0,2,255,255,255,255,255,255,255,1,0,0,0,0,0,0,0,8099,0,0,0,0,0,0,0
67045.0,3,255,255,255,255,255,255,255,1,0,0,0,0,0,0,0,8112,0,0,0,0,0,0,0
67046.0,4,255,255,255,255,255,255,255,1,0,0,0,0,0,0,0,8113,0,0,0,0,0,0,0
67047.0,4,255,255,255,255,255,255,255,1,0,0,0,0,0,0,0,8114,0,0,0,0,0,0,0
67048.0,3,255,255,255,255,255,255,255,1,0,0,0,0,0,0,0,8115,0,0,0,0,0,0,0
67049.0,5,255,255,255,255,255,255,255,1,0,0,0,0,0,0,0,8117,0,0,0,0,0,0,0
67050.0,2,255,255,255,255,255,255,255,1,0,0,0,0,0,0,0,8100,0,0,0,0,0,0,0
67051.0,3,255,255,255,255,255,255,255,1,0,0,0,0,0,0,0,8101,0,0,0,0,0,0,0
67052.0,3,255,255,255,255,255,255,255,1,0,0,0,0,0,0,0,8102,0,0,0,0,0,0,0
67053.0,2,255,255,255,255,255,255,255,1,0,0,0,0,0,0,0,8103,0,0,0,0,0,0,0
67054.0,3,255,255,255,255,255,255,255,1,0,0,0,0,0,0,0,8104,0,0,0,0,0,0,0
67055.0,7,255,255,255,255,255,255,255,1,0,0,0,0,0,0,0,8118,0,0,0,0,0,0,0
67056.0,3,255,255,255,255,255,255,255,1,0,0,0,0,0,0,0,8120,0,0,0,0,0,0,0
67057.0,4,255,255,255,255,255,255,255,1,0,0,0,0,0,0,0,8121,0,0,0,0,0,0,0
67058.0,4,255,255,255,255,255,255,255,1,0,0,0,0,0,0,0,8122,0,0,0,0,0,0,0
67059.0,3,255,255,255,255,255,255,255,1,0,0,0,0,0,0,0,8123,0,0,0,0,0,0,0
67102.0,2,255,255,255,255,255,255,255,1,0,0,0,0,0,0,0,8125,0,0,0,0,0,0,0
67103.0,2,255,255,255,255,255,255,255,1,0,0,0,0,0,0,0,8126,0,0,0,0,0,0,0
67104.0,2,255,255,255,255,255,255,255,1,0,0,0,0,0,0,0,8127,0,0,0,0,0,0,0
67114.0,4,5,6,255,255,255,255,255,2,2,2,0,0,0,0,0,58,58,58,0,0,0,0,0
67114.1,7,8,9,255,255,255,255,255,2,2,2,0,0,0,0,0,58,58,58,0,0,0,0,0
67114.2,10,11,12,255,255,255,255,255,2,2,2,0,0,0,0,0,58,58,58,0,0,0,0,0
67114.3,13,14,255,255,255,255,255,255,2,2,0,0,0,0,0,0,58,58,0,0,0,0,0,0
67114.4,15,255,255,255,255,255,255,255,2,0,0,0,0,0,0,0,58,0,0,0,0,0,0,0
67129.0,0,1,2,255,255,255,255,255,2,2,2,0,0,0,0,0,30,30,30,0,0,0,0,0
67180.0,0,255,255,255,255,255,255,255,2,0,0,0,0,0,0,0,22,0,0,0,0,0,0,0
67180.1,1,255,255,255,255,255,255,255,2,0,0,0,0,0,0,0,22,0,0,0,0,0,0,0
67182.0,1,255,255,255,255,255,255,255,2,0,0,0,0,0,0,0,5,0,0,0,0,0,0,0
67210.0,3,255,255,255,255,255,255,255,2,0,0,0,0,0,0,0,21,0,0,0,0,0,0,0
67224.0,0,1,255,255,255,255,255,255,2,2,0,0,0,0,0,0,13,13,0,0,0,0,0,0
67251.0,5,255,255,255,255,255,255,255,2,0,0,0,0,0,0,0,31,0,0,0,0,0,0,0
67353.0,0,255,255,255,255,255,255,255,2,0,0,0,0,0,0,0,35,0,0,0,0,0,0,0
67450.0,0,255,255,255,255,255,255,255,2,0,0,0,0,0,0,0,11,0,0,0,0,0,0,0
67450.1,1,255,255,255,255,255,255,255,2,0,0,0,0,0,0,0,11,0,0,0,0,0,0,0
67534.0,0,255,255,255,255,255,255,255,1,0,0,0,0,0,0,0,10611,0,0,0,0,0,0,0
67535.0,1,255,255,255,255,255,255,255,1,0,0,0,0,0,0,0,10636,0,0,0,0,0,0,0
67536.0,3,255,255,255,255,255,255,255,1,0,0,0,0,0,0,0,12583,0,0,0,0,0,0,0
67537.0,2,255,255,255,255,255,255,255,1,0,0,0,0,0,0,0,10609,0,0,0,0,0,0,0
67539.0,2,255,255,255,255,255,255,255,1,0,0,0,0,0,0,0,11966,0,0,0,0,0,0,0
67540.0,4,255,255,255,255,255,255,255,1,0,0,0,0,0,0,0,10881,0,0,0,0,0,0,0
67541.0,2,255,255,255,255,255,255,255,1,0,0,0,0,0,0,0,12596,0,0,0,0,0,0,0
67542.0,4,255,255,255,255,255,255,255,1,0,0,0,0,0,0,0,13001,0,0,0,0,0,0,0
67544.0,2,255,255,255,255,255,255,255,1,0,0,0,0,0,0,0,12528,0,0,0,0,0,0,0
67545.0,1,255,255,255,255,255,255,255,1,0,0,0,0,0,0,0,10588,0,0,0,0,0,0,0
67546.0,2,255,255,255,255,255,255,255,1,0,0,0,0,0,0,0,11877,0,0,0,0,0,0,0
67547.0,0,255,255,255,255,255,255,255,1,0,0,0,0,0,0,0,10591,0,0,0,0,0,0,0
67566.0,4,255,255,255,255,255,255,255,2,0,0,0,0,0,0,0,34,0,0,0,0,0,0,0
67575.0,4,255,255,255,255,255,255,255,1,0,0,0,0,0,0,0,10756,0,0,0,0,0,0,0
67576.0,5,255,255,255,255,255,255,255,1,0,0,0,0,0,0,0,10721,0,0,0,0,0,0,0
67577.0,2,255,255,255,255,255,255,255,2,0,0,0,0,0,0,0,58,0,0,0,0,0,0,0
67577.1,4,255,255,255,255,255,255,255,1,0,0,0,0,0,0,0,10667,0,0,0,0,0,0,0
67578.0,3,255,255,255,255,255,255,255,1,0,0,0,0,0,0,0,10682,0,0,0,0,0,0,0
67580.0,4,4,255,255,255,255,255,255,1,1,0,0,0,0,0,0,12842,12846,0,0,0,0,0,0
67581.0,4,4,4,255,255,255,255,255,1,1,1,0,0,0,0,0,12849,12862,12855,0,0,0,0,0
67582.0,1,255,255,255,255,255,255,255,1,0,0,0,0,0,0,0,12858,0,0,0,0,0,0,0
67583.0,2,2,2,255,255,255,255,255,1,1,1,0,0,0,0,0,12854,12860,12847,0,0,0,0,0
67602.0,2,255,255,255,255,255,255,255,1,0,0,0,0,0,0,0,12601,0,0,0,0,0,0,0
67603.0,1,255,255,255,255,255,255,255,1,0,0,0,0,0,0,0,12615,0,0,0,0,0,0,0
67604.0,3,255,255,255,255,255,255,255,1,0,0,0,0,0,0,0,12622,0,0,0,0,0,0,0
67605.0,5,255,255,255,255,255,255,255,1,0,0,0,0,0,0,0,10651,0,0,0,0,0,0,0
67607.0,2,255,255,255,255,255,255,255,1,0,0,0,0,0,0,0,11068,0,0,0,0,0,0,0
67608.0,3,255,255,255,255,255,255,255,1,0,0,0,0,0,0,0,12521,0,0,0,0,0,0,0
67609.0,2,255,255,255,255,255,255,255,1,0,0,0,0,0,0,0,12644,0,0,0,0,0,0,0
67610.0,0,0,255,255,255,255,255,255,1,1,0,0,0,0,0,0,12108,12109,0,0,0,0,0,0
67610.1,1,255,255,255,255,255,255,255,1,0,0,0,0,0,0,0,12109,0,0,0,0,0,0,0
67610.2,2,255,255,255,255,255,255,255,1,0,0,0,0,0,0,0,12108,0,0,0,0,0,0,0
67612.0,2,255,255,255,255,255,255,255,1,0,0,0,0,0,0,0,12007,0,0,0,0,0,0,0
67613.0,2,255,255,255,255,255,255,255,1,0,0,0,0,0,0,0,10875,0,0,0,0,0,0,0
67614.0,5,255,255,255,255,255,255,255,1,0,0,0,0,0,0,0,12024,0,0,0,0,0,0,0
67615.0,2,255,255,255,255,255,255,255,1,0,0,0,0,0,0,0,12999,0,0,0,0,0,0,0
67702.0,3,255,255,255,255,255,255,255,2,0,0,0,0,0,0,0,11,0,0,0,0,0,0,0
67705.0,2,255,255,255,255,255,255,255,2,0,0,0,0,0,0,0,11,0,0,0,0,0,0,0
67705.1,5,255,255,255,255,255,255,255,2,0,0,0,0,0,0,0,11,0,0,0,0,0,0,0
67706.0,0,255,255,255,255,255,255,255,2,0,0,0,0,0,0,0,120,0,0,0,0,0,0,0
67733.0,1,2,3,4,255,255,255,255,2,2,2,2,0,0,0,0,120,120,120,120,0,0,0,0
67734.0,1,2,3,255,255,255,255,255,2,2,2,0,0,0,0,0,120,120,120,0,0,0,0,0
67735.0,3,255,255,255,255,255,255,255,2,0,0,0,0,0,0,0,120,0,0,0,0,0,0,0
67826.0,1,255,255,255,255,255,255,255,1,0,0,0,0,0,0,0,15725,0,0,0,0,0,0,0
67827.0,1,255,255,255,255,255,255,255,1,0,0,0,0,0,0,0,15726,0,0,0,0,0,0,0
67828.0,3,255,255,255,255,255,255,255,1,0,0,0,0,0,0,0,15727,0,0,0,0,0,0,0
67829.0,5,255,255,255,255,255,255,255,1,0,0,0,0,0,0,0,15728,0,0,0,0,0,0,0
67830.0,3,255,255,255,255,255,255,255,1,0,0,0,0,0,0,0,15729,0,0,0,0,0,0,0
67832.0,1,255,255,255,255,255,255,255,1,0,0,0,0,0,0,0,15730,0,0,0,0,0,0,0
67834.0,1,255,255,255,255,255,255,255,1,0,0,0,0,0,0,0,15731,0,0,0,0,0,0,0
67835.0,1,255,255,255,255,255,255,255,1,0,0,0,0,0,0,0,15732,0,0,0,0,0,0,0
67836.0,1,255,255,255,255,255,255,255,1,0,0,0,0,0,0,0,15733,0,0,0,0,0,0,0
67837.0,1,255,255,255,255,255,255,255,1,0,0,0,0,0,0,0,15734,0,0,0,0,0,0,0
67839.0,1,255,255,255,255,255,255,255,1,0,0,0,0,0,0,0,15735,0,0,0,0,0,0,0
67840.0,2,255,255,255,255,255,255,255,1,0,0,0,0,0,0,0,15736,0,0,0,0,0,0,0
67841.0,4,255,255,255,255,255,255,255,1,0,0,0,0,0,0,0,15737,0,0,0,0,0,0,0
67843.0,1,255,255,255,255,255,255,255,1,0,0,0,0,0,0,0,15738,0,0,0,0,0,0,0
67846.0,2,255,255,255,255,255,255,255,1,0,0,0,0,0,0,0,15739,0,0,0,0,0,0,0
67847.0,3,255,255,255,255,255,255,255,1,0,0,0,0,0,0,0,15740,0,0,0,0,0,0,0
67849.0,3,255,255,255,255,255,255,255,1,0,0,0,0,0,0,0,15741,0,0,0,0,0,0,0
67850.0,2,255,255,255,255,255,255,255,1,0,0,0,0,0,0,0,15742,0,0,0,0,0,0,0
67852.0,2,255,255,255,255,255,255,255,1,0,0,0,0,0,0,0,15743,0,0,0,0,0,0,0
67853.0,1,255,255,255,255,255,255,255,1,0,0,0,0,0,0,0,15744,0,0,0,0,0,0,0
67854.0,2,255,255,255,255,255,255,255,2,0,0,0,0,0,0,0,30,0,0,0,0,0,0,0
67854.1,3,255,255,255,255,255,255,255,2,0,0,0,0,0,0,0,111,0,0,0,0,0,0,0
67854.2,5,255,255,255,255,255,255,255,1,0,0,0,0,0,0,0,15745,0,0,0,0,0,0,0
67856.0,3,255,255,255,255,255,255,255,1,0,0,0,0,0,0,0,15720,0,0,0,0,0,0,0
67858.0,5,255,255,255,255,255,255,255,1,0,0,0,0,0,0,0,15721,0,0,0,0,0,0,0
67860.0,4,255,255,255,255,255,255,255,1,0,0,0,0,0,0,0,15722,0,0,0,0,0,0,0
67861.0,5,255,255,255,255,255,255,255,1,0,0,0,0,0,0,0,15723,0,0,0,0,0,0,0
67862.0,9,255,255,255,255,255,255,255,1,0,0,0,0,0,0,0,15724,0,0,0,0,0,0,0
67897.0,1,255,255,255,255,255,255,255,2,0,0,0,0,0,0,0,35,0,0,0,0,0,0,0
67897.1,2,255,255,255,255,255,255,255,2,0,0,0,0,0,0,0,34,0,0,0,0,0,0,0
67898.0,2,255,255,255,255,255,255,255,2,0,0,0,0,0,0,0,35,0,0,0,0,0,0,0
67904.0,0,0,0,0,0,0,0,0,0,0,0,0,0,0,0,0,0,0,0,0,0,0,0,0
67918.0,5,255,255,255,255,255,255,255,2,0,0,0,0,0,0,0,34,0,0,0,0,0,0,0
67954.0,2,255,255,255,255,255,255,255,2,0,0,0,0,0,0,0,35,0,0,0,0,0,0,0
67956.0,0,0,0,255,255,255,255,255,2,2,2,0,0,0,0,0,146,146,146,0,0,0,0,0
67956.1,1,1,1,255,255,255,255,255,2,2,2,0,0,0,0,0,146,146,146,0,0,0,0,0
67956.2,2,2,2,255,255,255,255,255,2,2,2,0,0,0,0,0,146,146,146,0,0,0,0,0
67959.0,1,255,255,255,255,255,255,255,2,0,0,0,0,0,0,0,35,0,0,0,0,0,0,0
67968.0,4,255,255,255,255,255,255,255,1,0,0,0,0,0,0,0,17918,0,0,0,0,0,0,0
67969.0,3,255,255,255,255,255,255,255,1,0,0,0,0,0,0,0,17920,0,0,0,0,0,0,0
67970.0,3,255,255,255,255,255,255,255,1,0,0,0,0,0,0,0,17922,0,0,0,0,0,0,0
67971.0,5,255,255,255,255,255,255,255,1,0,0,0,0,0,0,0,17924,0,0,0,0,0,0,0
67973.0,2,255,255,255,255,255,255,255,1,0,0,0,0,0,0,0,17926,0,0,0,0,0,0,0
67974.0,5,255,255,255,255,255,255,255,1,0,0,0,0,0,0,0,17928,0,0,0,0,0,0,0
67975.0,4,255,255,255,255,255,255,255,1,0,0,0,0,0,0,0,17930,0,0,0,0,0,0,0
67976.0,4,255,255,255,255,255,255,255,1,0,0,0,0,0,0,0,17932,0,0,0,0,0,0,0
67978.0,4,255,255,255,255,255,255,255,1,0,0,0,0,0,0,0,17878,0,0,0,0,0,0,0
67979.0,3,255,255,255,255,255,255,255,1,0,0,0,0,0,0,0,17880,0,0,0,0,0,0,0
67980.0,4,255,255,255,255,255,255,255,1,0,0,0,0,0,0,0,17882,0,0,0,0,0,0,0
67981.0,4,255,255,255,255,255,255,255,1,0,0,0,0,0,0,0,17884,0,0,0,0,0,0,0
68032.0,6,7,255,255,255,255,255,255,2,2,0,0,0,0,0,0,59,59,0,0,0,0,0,0
68047.0,1,255,255,255,255,255,255,255,2,0,0,0,0,0,0,0,22,0,0,0,0,0,0,0
68052.0,2,255,255,255,255,255,255,255,2,0,0,0,0,0,0,0,122,0,0,0,0,0,0,0
68131.0,3,255,255,255,255,255,255,255,1,0,0,0,0,0,0,0,17894,0,0,0,0,0,0,0
68132.0,3,255,255,255,255,255,255,255,1,0,0,0,0,0,0,0,17896,0,0,0,0,0,0,0
68133.0,5,255,255,255,255,255,255,255,1,0,0,0,0,0,0,0,17898,0,0,0,0,0,0,0
68134.0,2,255,255,255,255,255,255,255,1,0,0,0,0,0,0,0,17900,0,0,0,0,0,0,0
68136.0,6,255,255,255,255,255,255,255,1,0,0,0,0,0,0,0,17902,0,0,0,0,0,0,0
68137.0,5,255,255,255,255,255,255,255,1,0,0,0,0,0,0,0,17904,0,0,0,0,0,0,0
68138.0,7,255,255,255,255,255,255,255,1,0,0,0,0,0,0,0,17906,0,0,0,0,0,0,0
68139.0,4,255,255,255,255,255,255,255,1,0,0,0,0,0,0,0,17908,0,0,0,0,0,0,0
68141.0,4,255,255,255,255,255,255,255,1,0,0,0,0,0,0,0,17934,0,0,0,0,0,0,0
68142.0,4,255,255,255,255,255,255,255,1,0,0,0,0,0,0,0,17936,0,0,0,0,0,0,0
68143.0,4,255,255,255,255,255,255,255,1,0,0,0,0,0,0,0,17938,0,0,0,0,0,0,0
68144.0,9,255,255,255,255,255,255,255,1,0,0,0,0,0,0,0,17940,0,0,0,0,0,0,0
68146.0,5,255,255,255,255,255,255,255,1,0,0,0,0,0,0,0,17910,0,0,0,0,0,0,0
68147.0,6,255,255,255,255,255,255,255,1,0,0,0,0,0,0,0,17912,0,0,0,0,0,0,0
68150.0,3,255,255,255,255,255,255,255,1,0,0,0,0,0,0,0,17914,0,0,0,0,0,0,0
68151.0,4,255,255,255,255,255,255,255,1,0,0,0,0,0,0,0,17916,0,0,0,0,0,0,0
68152.0,3,255,255,255,255,255,255,255,1,0,0,0,0,0,0,0,17886,0,0,0,0,0,0,0
68153.0,2,255,255,255,255,255,255,255,1,0,0,0,0,0,0,0,17888,0,0,0,0,0,0,0
68154.0,3,255,255,255,255,255,255,255,1,0,0,0,0,0,0,0,17890,0,0,0,0,0,0,0
68155.0,3,255,255,255,255,255,255,255,1,0,0,0,0,0,0,0,17892,0,0,0,0,0,0,0
68193.0,2,255,255,255,255,255,255,255,2,0,0,0,0,0,0,0,8,0,0,0,0,0,0,0
68203.0,0,255,255,255,255,255,255,255,2,0,0,0,0,0,0,0,2,0,0,0,0,0,0,0
68203.1,1,255,255,255,255,255,255,255,2,0,0,0,0,0,0,0,2,0,0,0,0,0,0,0
68222.0,1,255,255,255,255,255,255,255,2,0,0,0,0,0,0,0,121,0,0,0,0,0,0,0
68234.0,1,255,255,255,255,255,255,255,2,0,0,0,0,0,0,0,17,0,0,0,0,0,0,0
68234.1,3,255,255,255,255,255,255,255,2,0,0,0,0,0,0,0,17,0,0,0,0,0,0,0
68254.0,0,255,255,255,255,255,255,255,2,0,0,0,0,0,0,0,8,0,0,0,0,0,0,0
68254.1,1,255,255,255,255,255,255,255,2,0,0,0,0,0,0,0,6,0,0,0,0,0,0,0
68254.2,2,255,255,255,255,255,255,255,2,0,0,0,0,0,0,0,58,0,0,0,0,0,0,0
68254.3,3,255,255,255,255,255,255,255,2,0,0,0,0,0,0,0,29,0,0,0,0,0,0,0
68254.4,4,255,255,255,255,255,255,255,2,0,0,0,0,0,0,0,23,0,0,0,0,0,0,0
68255.0,3,255,255,255,255,255,255,255,2,0,0,0,0,0,0,0,35,0,0,0,0,0,0,0
68264.0,4,255,255,255,255,255,255,255,2,0,0,0,0,0,0,0,7,0,0,0,0,0,0,0
68272.0,1,255,255,255,255,255,255,255,2,0,0,0,0,0,0,0,34,0,0,0,0,0,0,0
68273.0,2,255,255,255,255,255,255,255,2,0,0,0,0,0,0,0,30,0,0,0,0,0,0,0
68282.0,2,255,255,255,255,255,255,255,2,0,0,0,0,0,0,0,22,0,0,0,0,0,0,0
68297.0,2,255,255,255,255,255,255,255,2,0,0,0,0,0,0,0,23,0,0,0,0,0,0,0
68316.0,0,255,255,255,255,255,255,255,2,0,0,0,0,0,0,0,58,0,0,0,0,0,0,0
68367.0,0,255,255,255,255,255,255,255,2,0,0,0,0,0,0,0,29,0,0,0,0,0,0,0
68367.1,1,255,255,255,255,255,255,255,2,0,0,0,0,0,0,0,29,0,0,0,0,0,0,0
68367.2,2,255,255,255,255,255,255,255,2,0,0,0,0,0,0,0,29,0,0,0,0,0,0,0
68367.3,3,255,255,255,255,255,255,255,2,0,0,0,0,0,0,0,58,0,0,0,0,0,0,0
68377.0,0,0,255,255,255,255,255,255,2,2,0,0,0,0,0,0,12,12,0,0,0,0,0,0
68399.0,2,255,255,255,255,255,255,255,2,0,0,0,0,0,0,0,12,0,0,0,0,0,0,0
68440.0,4,255,255,255,255,255,255,255,2,0,0,0,0,0,0,0,111,0,0,0,0,0,0,0
68454.0,8,255,255,255,255,255,255,255,2,0,0,0,0,0,0,0,140,0,0,0,0,0,0,0
68517.0,2,255,255,255,255,255,255,255,2,0,0,0,0,0,0,0,58,0,0,0,0,0,0,0
68588.0,0,0,1,1,255,255,255,255,2,2,2,2,0,0,0,0,35,35,34,34,0,0,0,0
68626.0,5,255,255,255,255,255,255,255,2,0,0,0,0,0,0,0,35,0,0,0,0,0,0,0
68626.1,6,255,255,255,255,255,255,255,2,0,0,0,0,0,0,0,9,0,0,0,0,0,0,0
68633.0,0,255,255,255,255,255,255,255,3,0,0,0,0,0,0,0,25,0,0,0,0,0,0,0
68634.0,5,255,255,255,255,255,255,255,3,0,0,0,0,0,0,0,26,0,0,0,0,0,0,0
68635.0,3,255,255,255,255,255,255,255,3,0,0,0,0,0,0,0,27,0,0,0,0,0,0,0
68636.0,4,255,255,255,255,255,255,255,3,0,0,0,0,0,0,0,28,0,0,0,0,0,0,0
68637.0,3,255,255,255,255,255,255,255,3,0,0,0,0,0,0,0,29,0,0,0,0,0,0,0
68639.0,1,255,255,255,255,255,255,255,3,0,0,0,0,0,0,0,5,0,0,0,0,0,0,0
68641.0,1,255,255,255,255,255,255,255,3,0,0,0,0,0,0,0,6,0,0,0,0,0,0,0
68642.0,1,255,255,255,255,255,255,255,3,0,0,0,0,0,0,0,7,0,0,0,0,0,0,0
68643.0,1,255,255,255,255,255,255,255,3,0,0,0,0,0,0,0,8,0,0,0,0,0,0,0
68644.0,1,255,255,255,255,255,255,255,3,0,0,0,0,0,0,0,30,0,0,0,0,0,0,0
68645.0,1,255,255,255,255,255,255,255,3,0,0,0,0,0,0,0,9,0,0,0,0,0,0,0
68646.0,1,255,255,255,255,255,255,255,3,0,0,0,0,0,0,0,10,0,0,0,0,0,0,0
68647.0,1,255,255,255,255,255,255,255,3,0,0,0,0,0,0,0,11,0,0,0,0,0,0,0
68648.0,1,255,255,255,255,255,255,255,3,0,0,0,0,0,0,0,12,0,0,0,0,0,0,0
68649.0,1,255,255,255,255,255,255,255,3,0,0,0,0,0,0,0,13,0,0,0,0,0,0,0
68650.0,1,255,255,255,255,255,255,255,3,0,0,0,0,0,0,0,14,0,0,0,0,0,0,0
68652.0,1,255,255,255,255,255,255,255,3,0,0,0,0,0,0,0,15,0,0,0,0,0,0,0
68653.0,1,255,255,255,255,255,255,255,3,0,0,0,0,0,0,0,16,0,0,0,0,0,0,0
68655.0,1,255,255,255,255,255,255,255,3,0,0,0,0,0,0,0,17,0,0,0,0,0,0,0
68656.0,1,255,255,255,255,255,255,255,3,0,0,0,0,0,0,0,18,0,0,0,0,0,0,0
68658.0,1,255,255,255,255,255,255,255,3,0,0,0,0,0,0,0,19,0,0,0,0,0,0,0
68659.0,1,255,255,255,255,255,255,255,3,0,0,0,0,0,0,0,20,0,0,0,0,0,0,0
68661.0,1,255,255,255,255,255,255,255,3,0,0,0,0,0,0,0,21,0,0,0,0,0,0,0
68662.0,1,255,255,255,255,255,255,255,3,0,0,0,0,0,0,0,22,0,0,0,0,0,0,0
68664.0,1,255,255,255,255,255,255,255,3,0,0,0,0,0,0,0,23,0,0,0,0,0,0,0
68665.0,1,255,255,255,255,255,255,255,3,0,0,0,0,0,0,0,24,0,0,0,0,0,0,0
68666.0,1,255,255,255,255,255,255,255,3,0,0,0,0,0,0,0,31,0,0,0,0,0,0,0
68673.0,3,255,255,255,255,255,255,255,2,0,0,0,0,0,0,0,178,0,0,0,0,0,0,0
68693.0,6,255,255,255,255,255,255,255,2,0,0,0,0,0,0,0,105,0,0,0,0,0,0,0
68764.0,4,255,255,255,255,255,255,255,1,0,0,0,0,0,0,0,27237,0,0,0,0,0,0,0
68765.0,1,255,255,255,255,255,255,255,1,0,0,0,0,0,0,0,27239,0,0,0,0,0,0,0
68767.0,2,255,255,255,255,255,255,255,1,0,0,0,0,0,0,0,27245,0,0,0,0,0,0,0
68768.0,1,255,255,255,255,255,255,255,1,0,0,0,0,0,0,0,27247,0,0,0,0,0,0,0
68769.0,1,255,255,255,255,255,255,255,2,0,0,0,0,0,0,0,105,0,0,0,0,0,0,0
68770.0,2,255,255,255,255,255,255,255,1,0,0,0,0,0,0,0,27253,0,0,0,0,0,0,0
68771.0,1,255,255,255,255,255,255,255,1,0,0,0,0,0,0,0,27255,0,0,0,0,0,0,0
68824.0,4,255,255,255,255,255,255,255,2,0,0,0,0,0,0,0,11,0,0,0,0,0,0,0
68853.0,2,255,255,255,255,255,255,255,2,0,0,0,0,0,0,0,105,0,0,0,0,0,0,0
68853.1,3,255,255,255,255,255,255,255,2,0,0,0,0,0,0,0,105,0,0,0,0,0,0,0
68853.2,4,255,255,255,255,255,255,255,2,0,0,0,0,0,0,0,105,0,0,0,0,0,0,0
68861.0,2,255,255,255,255,255,255,255,2,0,0,0,0,0,0,0,19,0,0,0,0,0,0,0
68884.0,0,255,255,255,255,255,255,255,2,0,0,0,0,0,0,0,121,0,0,0,0,0,0,0
68884.1,1,255,255,255,255,255,255,255,2,0,0,0,0,0,0,0,166,0,0,0,0,0,0,0
68892.0,3,255,255,255,255,255,255,255,2,0,0,0,0,0,0,0,35,0,0,0,0,0,0,0
68902.0,3,255,255,255,255,255,255,255,2,0,0,0,0,0,0,0,12,0,0,0,0,0,0,0
68969.0,0,0,255,255,255,255,255,255,2,2,0,0,0,0,0,0,22,22,0,0,0,0,0,0
68984.0,1,255,255,255,255,255,255,255,2,0,0,0,0,0,0,0,12,0,0,0,0,0,0,0
68998.0,1,255,255,255,255,255,255,255,2,0,0,0,0,0,0,0,58,0,0,0,0,0,0,0
69019.0,0,255,255,255,255,255,255,255,2,0,0,0,0,0,0,0,12,0,0,0,0,0,0,0
69031.0,0,1,2,255,255,255,255,255,2,2,2,0,0,0,0,0,30,34,9,0,0,0,0,0
69063.0,1,255,255,255,255,255,255,255,2,0,0,0,0,0,0,0,34,0,0,0,0,0,0,0
69073.0,2,255,255,255,255,255,255,255,2,0,0,0,0,0,0,0,35,0,0,0,0,0,0,0
69090.0,1,255,255,255,255,255,255,255,2,0,0,0,0,0,0,0,6,0,0,0,0,0,0,0
69094.0,3,255,255,255,255,255,255,255,2,0,0,0,0,0,0,0,34,0,0,0,0,0,0,0
69102.0,1,255,255,255,255,255,255,255,2,0,0,0,0,0,0,0,41,0,0,0,0,0,0,0
69109.0,0,255,255,255,255,255,255,255,2,0,0,0,0,0,0,0,3,0,0,0,0,0,0,0
69116.0,1,255,255,255,255,255,255,255,2,0,0,0,0,0,0,0,8,0,0,0,0,0,0,0
69116.1,3,255,255,255,255,255,255,255,2,0,0,0,0,0,0,0,20,0,0,0,0,0,0,0
69144.0,2,255,255,255,255,255,255,255,2,0,0,0,0,0,0,0,28,0,0,0,0,0,0,0
69186.0,2,255,255,255,255,255,255,255,2,0,0,0,0,0,0,0,30,0,0,0,0,0,0,0
69253.0,5,255,255,255,255,255,255,255,2,0,0,0,0,0,0,0,12,0,0,0,0,0,0,0
69325.0,1,255,255,255,255,255,255,255,2,0,0,0,0,0,0,0,34,0,0,0,0,0,0,0
69330.0,4,255,255,255,255,255,255,255,3,0,0,0,0,0,0,0,32,0,0,0,0,0,0,0
69331.0,1,255,255,255,255,255,255,255,3,0,0,0,0,0,0,0,33,0,0,0,0,0,0,0
69332.0,2,255,255,255,255,255,255,255,3,0,0,0,0,0,0,0,34,0,0,0,0,0,0,0
69333.0,1,255,255,255,255,255,255,255,3,0,0,0,0,0,0,0,35,0,0,0,0,0,0,0
69334.0,4,255,255,255,255,255,255,255,3,0,0,0,0,0,0,0,36,0,0,0,0,0,0,0
69342.0,0,255,255,255,255,255,255,255,3,0,0,0,0,0,0,0,37,0,0,0,0,0,0,0
69343.0,0,255,255,255,255,255,255,255,3,0,0,0,0,0,0,0,38,0,0,0,0,0,0,0
69344.0,0,255,255,255,255,255,255,255,3,0,0,0,0,0,0,0,39,0,0,0,0,0,0,0
69345.0,0,255,255,255,255,255,255,255,3,0,0,0,0,0,0,0,40,0,0,0,0,0,0,0
69347.0,0,255,255,255,255,255,255,255,3,0,0,0,0,0,0,0,41,0,0,0,0,0,0,0
69348.0,0,255,255,255,255,255,255,255,3,0,0,0,0,0,0,0,42,0,0,0,0,0,0,0
69350.0,0,255,255,255,255,255,255,255,3,0,0,0,0,0,0,0,43,0,0,0,0,0,0,0
69351.0,0,255,255,255,255,255,255,255,3,0,0,0,0,0,0,0,44,0,0,0,0,0,0,0
69352.0,0,255,255,255,255,255,255,255,3,0,0,0,0,0,0,0,45,0,0,0,0,0,0,0
69353.0,0,255,255,255,255,255,255,255,3,0,0,0,0,0,0,0,46,0,0,0,0,0,0,0
69354.0,0,255,255,255,255,255,255,255,3,0,0,0,0,0,0,0,47,0,0,0,0,0,0,0
69356.0,0,255,255,255,255,255,255,255,3,0,0,0,0,0,0,0,48,0,0,0,0,0,0,0
69357.0,0,255,255,255,255,255,255,255,3,0,0,0,0,0,0,0,49,0,0,0,0,0,0,0
69358.0,0,255,255,255,255,255,255,255,3,0,0,0,0,0,0,0,50,0,0,0,0,0,0,0
69360.0,0,255,255,255,255,255,255,255,3,0,0,0,0,0,0,0,51,0,0,0,0,0,0,0
69361.0,0,255,255,255,255,255,255,255,3,0,0,0,0,0,0,0,52,0,0,0,0,0,0,0
69363.0,0,255,255,255,255,255,255,255,3,0,0,0,0,0,0,0,53,0,0,0,0,0,0,0
69364.0,0,255,255,255,255,255,255,255,3,0,0,0,0,0,0,0,54,0,0,0,0,0,0,0
69366.0,0,255,255,255,255,255,255,255,3,0,0,0,0,0,0,0,55,0,0,0,0,0,0,0
69367.0,0,255,255,255,255,255,255,255,3,0,0,0,0,0,0,0,56,0,0,0,0,0,0,0
69369.0,0,255,255,255,255,255,255,255,3,0,0,0,0,0,0,0,57,0,0,0,0,0,0,0
69393.0,0,0,0,255,255,255,255,255,2,2,2,0,0,0,0,0,11,11,11,0,0,0,0,0
69399.0,2,255,255,255,255,255,255,255,2,0,0,0,0,0,0,0,35,0,0,0,0,0,0,0
69408.0,1,1,1,255,255,255,255,255,2,2,2,0,0,0,0,0,30,30,30,0,0,0,0,0
69408.1,2,255,255,255,255,255,255,255,2,0,0,0,0,0,0,0,30,0,0,0,0,0,0,0
69432.0,4,255,255,255,255,255,255,255,1,0,0,0,0,0,0,0,31137,0,0,0,0,0,0,0
69433.0,2,255,255,255,255,255,255,255,1,0,0,0,0,0,0,0,31139,0,0,0,0,0,0,0
69434.0,6,255,255,255,255,255,255,255,1,0,0,0,0,0,0,0,31141,0,0,0,0,0,0,0
69435.0,2,255,255,255,255,255,255,255,1,0,0,0,0,0,0,0,31143,0,0,0,0,0,0,0
69436.0,4,255,255,255,255,255,255,255,1,0,0,0,0,0,0,0,31145,0,0,0,0,0,0,0
69438.0,1,255,255,255,255,255,255,255,1,0,0,0,0,0,0,0,31147,0,0,0,0,0,0,0
69439.0,1,255,255,255,255,255,255,255,1,0,0,0,0,0,0,0,31149,0,0,0,0,0,0,0
69440.0,1,255,255,255,255,255,255,255,1,0,0,0,0,0,0,0,31151,0,0,0,0,0,0,0
69442.0,1,255,255,255,255,255,255,255,1,0,0,0,0,0,0,0,31153,0,0,0,0,0,0,0
69443.0,1,255,255,255,255,255,255,255,1,0,0,0,0,0,0,0,31155,0,0,0,0,0,0,0
69444.0,1,255,255,255,255,255,255,255,1,0,0,0,0,0,0,0,31157,0,0,0,0,0,0,0
69446.0,1,255,255,255,255,255,255,255,1,0,0,0,0,0,0,0,31159,0,0,0,0,0,0,0
69447.0,1,255,255,255,255,255,255,255,1,0,0,0,0,0,0,0,31161,0,0,0,0,0,0,0
69449.0,1,255,255,255,255,255,255,255,1,0,0,0,0,0,0,0,31163,0,0,0,0,0,0,0
69450.0,1,255,255,255,255,255,255,255,1,0,0,0,0,0,0,0,31165,0,0,0,0,0,0,0
69451.0,1,255,255,255,255,255,255,255,1,0,0,0,0,0,0,0,31167,0,0,0,0,0,0,0
69453.0,1,255,255,255,255,255,255,255,1,0,0,0,0,0,0,0,31169,0,0,0,0,0,0,0
69454.0,1,255,255,255,255,255,255,255,1,0,0,0,0,0,0,0,31171,0,0,0,0,0,0,0
69455.0,1,255,255,255,255,255,255,255,2,0,0,0,0,0,0,0,30,0,0,0,0,0,0,0
69456.0,1,255,255,255,255,255,255,255,1,0,0,0,0,0,0,0,31173,0,0,0,0,0,0,0
69457.0,1,255,255,255,255,255,255,255,1,0,0,0,0,0,0,0,31175,0,0,0,0,0,0,0
69460.0,1,255,255,255,255,255,255,255,1,0,0,0,0,0,0,0,31177,0,0,0,0,0,0,0
69461.0,1,255,255,255,255,255,255,255,1,0,0,0,0,0,0,0,31179,0,0,0,0,0,0,0
69463.0,1,255,255,255,255,255,255,255,1,0,0,0,0,0,0,0,31181,0,0,0,0,0,0,0
69464.0,1,255,255,255,255,255,255,255,1,0,0,0,0,0,0,0,31183,0,0,0,0,0,0,0
69504.0,0,0,0,0,0,0,0,0,0,0,0,0,0,0,0,0,0,0,0,0,0,0,0,0
69534.0,0,255,255,255,255,255,255,255,2,0,0,0,0,0,0,0,9,0,0,0,0,0,0,0
69669.0,0,255,255,255,255,255,255,255,1,0,0,0,0,0,0,0,35588,0,0,0,0,0,0,0
69670.0,0,255,255,255,255,255,255,255,1,0,0,0,0,0,0,0,35589,0,0,0,0,0,0,0
69671.0,0,255,255,255,255,255,255,255,1,0,0,0,0,0,0,0,35590,0,0,0,0,0,0,0
69672.0,2,255,255,255,255,255,255,255,1,0,0,0,0,0,0,0,35836,0,0,0,0,0,0,0
69673.0,0,255,255,255,255,255,255,255,1,0,0,0,0,0,0,0,35591,0,0,0,0,0,0,0
69674.0,0,255,255,255,255,255,255,255,1,0,0,0,0,0,0,0,35838,0,0,0,0,0,0,0
69676.0,0,255,255,255,255,255,255,255,1,0,0,0,0,0,0,0,35592,0,0,0,0,0,0,0
69677.0,0,255,255,255,255,255,255,255,1,0,0,0,0,0,0,0,35593,0,0,0,0,0,0,0
69678.0,0,255,255,255,255,255,255,255,1,0,0,0,0,0,0,0,35594,0,0,0,0,0,0,0
69679.0,1,255,255,255,255,255,255,255,1,0,0,0,0,0,0,0,35840,0,0,0,0,0,0,0
69680.0,0,255,255,255,255,255,255,255,1,0,0,0,0,0,0,0,35595,0,0,0,0,0,0,0
69681.0,0,255,255,255,255,255,255,255,1,0,0,0,0,0,0,0,35842,0,0,0,0,0,0,0
69683.0,0,255,255,255,255,255,255,255,1,0,0,0,0,0,0,0,35596,0,0,0,0,0,0,0
69684.0,0,255,255,255,255,255,255,255,1,0,0,0,0,0,0,0,35597,0,0,0,0,0,0,0
69685.0,0,255,255,255,255,255,255,255,1,0,0,0,0,0,0,0,35598,0,0,0,0,0,0,0
69686.0,5,255,255,255,255,255,255,255,1,0,0,0,0,0,0,0,35844,0,0,0,0,0,0,0
69687.0,0,255,255,255,255,255,255,255,1,0,0,0,0,0,0,0,35599,0,0,0,0,0,0,0
69688.0,3,255,255,255,255,255,255,255,1,0,0,0,0,0,0,0,35846,0,0,0,0,0,0,0
69716.0,1,255,255,255,255,255,255,255,2,0,0,0,0,0,0,0,28,0,0,0,0,0,0,0
69737.0,0,1,2,255,255,255,255,255,2,2,2,0,0,0,0,0,172,172,172,0,0,0,0,0
69750.0,1,255,255,255,255,255,255,255,2,0,0,0,0,0,0,0,121,0,0,0,0,0,0,0
69754.0,1,255,255,255,255,255,255,255,2,0,0,0,0,0,0,0,58,0,0,0,0,0,0,0
69769.0,0,255,255,255,255,255,255,255,2,0,0,0,0,0,0,0,35,0,0,0,0,0,0,0
69782.0,1,255,255,255,255,255,255,255,2,0,0,0,0,0,0,0,45,0,0,0,0,0,0,0
69782.1,2,255,255,255,255,255,255,255,2,0,0,0,0,0,0,0,121,0,0,0,0,0,0,0
69817.0,1,255,255,255,255,255,255,255,2,0,0,0,0,0,0,0,11,0,0,0,0,0,0,0
69822.0,1,255,255,255,255,255,255,255,2,0,0,0,0,0,0,0,37,0,0,0,0,0,0,0
69827.0,0,0,0,255,255,255,255,255,2,2,2,0,0,0,0,0,12,12,12,0,0,0,0,0
69843.0,0,255,255,255,255,255,255,255,2,0,0,0,0,0,0,0,28,0,0,0,0,0,0,0
69844.0,1,255,255,255,255,255,255,255,2,0,0,0,0,0,0,0,105,0,0,0,0,0,0,0
69844.1,2,255,255,255,255,255,255,255,2,0,0,0,0,0,0,0,28,0,0,0,0,0,0,0
69844.2,3,255,255,255,255,255,255,255,2,0,0,0,0,0,0,0,112,0,0,0,0,0,0,0
69848.0,1,255,255,255,255,255,255,255,2,0,0,0,0,0,0,0,39,0,0,0,0,0,0,0
69848.1,3,255,255,255,255,255,255,255,2,0,0,0,0,0,0,0,39,0,0,0,0,0,0,0
69856.0,1,255,255,255,255,255,255,255,2,0,0,0,0,0,0,0,58,0,0,0,0,0,0,0
69859.0,1,255,255,255,255,255,255,255,2,0,0,0,0,0,0,0,35,0,0,0,0,0,0,0
69867.0,1,255,255,255,255,255,255,255,2,0,0,0,0,0,0,0,105,0,0,0,0,0,0,0
69874.0,1,255,255,255,255,255,255,255,2,0,0,0,0,0,0,0,105,0,0,0,0,0,0,0
69888.0,0,255,255,255,255,255,255,255,2,0,0,0,0,0,0,0,18,0,0,0,0,0,0,0
69888.1,1,255,255,255,255,255,255,255,2,0,0,0,0,0,0,0,111,0,0,0,0,0,0,0
69892.0,0,255,255,255,255,255,255,255,2,0,0,0,0,0,0,0,11,0,0,0,0,0,0,0
69904.0,4,255,255,255,255,255,255,255,2,0,0,0,0,0,0,0,25,0,0,0,0,0,0,0
69940.0,2,255,255,255,255,255,255,255,2,0,0,0,0,0,0,0,37,0,0,0,0,0,0,0
69961.0,5,255,255,255,255,255,255,255,2,0,0,0,0,0,0,0,16,0,0,0,0,0,0,0
70019.0,0,255,255,255,255,255,255,255,2,0,0,0,0,0,0,0,105,0,0,0,0,0,0,0
70019.1,1,255,255,255,255,255,255,255,2,0,0,0,0,0,0,0,105,0,0,0,0,0,0,0
70048.0,1,255,255,255,255,255,255,255,2,0,0,0,0,0,0,0,28,0,0,0,0,0,0,0
70077.0,0,255,255,255,255,255,255,255,2,0,0,0,0,0,0,0,9,0,0,0,0,0,0,0
70110.0,0,1,2,255,255,255,255,255,2,2,2,0,0,0,0,0,12,12,12,0,0,0,0,0
70125.0,0,255,255,255,255,255,255,255,2,0,0,0,0,0,0,0,34,0,0,0,0,0,0,0
70125.1,1,255,255,255,255,255,255,255,2,0,0,0,0,0,0,0,30,0,0,0,0,0,0,0
70137.0,3,255,255,255,255,255,255,255,3,0,0,0,0,0,0,0,58,0,0,0,0,0,0,0
70138.0,7,255,255,255,255,255,255,255,3,0,0,0,0,0,0,0,59,0,0,0,0,0,0,0
70139.0,5,255,255,255,255,255,255,255,3,0,0,0,0,0,0,0,60,0,0,0,0,0,0,0
70140.0,3,255,255,255,255,255,255,255,3,0,0,0,0,0,0,0,61,0,0,0,0,0,0,0
70141.0,6,255,255,255,255,255,255,255,3,0,0,0,0,0,0,0,62,0,0,0,0,0,0,0
70143.0,0,255,255,255,255,255,255,255,3,0,0,0,0,0,0,0,63,0,0,0,0,0,0,0
70145.0,0,255,255,255,255,255,255,255,3,0,0,0,0,0,0,0,64,0,0,0,0,0,0,0
70147.0,0,255,255,255,255,255,255,255,3,0,0,0,0,0,0,0,66,0,0,0,0,0,0,0
70148.0,0,255,255,255,255,255,255,255,3,0,0,0,0,0,0,0,65,0,0,0,0,0,0,0
70150.0,0,255,255,255,255,255,255,255,3,0,0,0,0,0,0,0,67,0,0,0,0,0,0,0
70151.0,0,255,255,255,255,255,255,255,3,0,0,0,0,0,0,0,68,0,0,0,0,0,0,0
70153.0,0,255,255,255,255,255,255,255,3,0,0,0,0,0,0,0,69,0,0,0,0,0,0,0
70154.0,0,255,255,255,255,255,255,255,3,0,0,0,0,0,0,0,70,0,0,0,0,0,0,0
70156.0,1,255,255,255,255,255,255,255,3,0,0,0,0,0,0,0,71,0,0,0,0,0,0,0
70158.0,0,255,255,255,255,255,255,255,3,0,0,0,0,0,0,0,72,0,0,0,0,0,0,0
70159.0,0,255,255,255,255,255,255,255,3,0,0,0,0,0,0,0,73,0,0,0,0,0,0,0
70161.0,0,255,255,255,255,255,255,255,3,0,0,0,0,0,0,0,74,0,0,0,0,0,0,0
70162.0,0,255,255,255,255,255,255,255,3,0,0,0,0,0,0,0,75,0,0,0,0,0,0,0
70163.0,0,255,255,255,255,255,255,255,3,0,0,0,0,0,0,0,76,0,0,0,0,0,0,0
70165.0,0,255,255,255,255,255,255,255,3,0,0,0,0,0,0,0,77,0,0,0,0,0,0,0
70166.0,1,255,255,255,255,255,255,255,3,0,0,0,0,0,0,0,78,0,0,0,0,0,0,0
70167.0,0,255,255,255,255,255,255,255,3,0,0,0,0,0,0,0,79,0,0,0,0,0,0,0
70168.0,0,255,255,255,255,255,255,255,3,0,0,0,0,0,0,0,81,0,0,0,0,0,0,0
70170.0,0,255,255,255,255,255,255,255,3,0,0,0,0,0,0,0,80,0,0,0,0,0,0,0
70195.0,0,255,255,255,255,255,255,255,2,0,0,0,0,0,0,0,35,0,0,0,0,0,0,0
70217.0,5,255,255,255,255,255,255,255,1,0,0,0,0,0,0,0,38843,0,0,0,0,0,0,0
70218.0,3,255,255,255,255,255,255,255,1,0,0,0,0,0,0,0,38845,0,0,0,0,0,0,0
70219.0,5,255,255,255,255,255,255,255,1,0,0,0,0,0,0,0,38847,0,0,0,0,0,0,0
70220.0,8,255,255,255,255,255,255,255,1,0,0,0,0,0,0,0,38849,0,0,0,0,0,0,0
70221.0,2,255,255,255,255,255,255,255,1,0,0,0,0,0,0,0,38851,0,0,0,0,0,0,0
70223.0,1,255,255,255,255,255,255,255,1,0,0,0,0,0,0,0,38853,0,0,0,0,0,0,0
70224.0,1,255,255,255,255,255,255,255,1,0,0,0,0,0,0,0,38855,0,0,0,0,0,0,0
70225.0,1,255,255,255,255,255,255,255,1,0,0,0,0,0,0,0,38857,0,0,0,0,0,0,0
70226.0,1,255,255,255,255,255,255,255,2,0,0,0,0,0,0,0,11,0,0,0,0,0,0,0
70226.1,2,255,255,255,255,255,255,255,2,0,0,0,0,0,0,0,11,0,0,0,0,0,0,0
70227.0,1,255,255,255,255,255,255,255,1,0,0,0,0,0,0,0,38859,0,0,0,0,0,0,0
70228.0,1,255,255,255,255,255,255,255,1,0,0,0,0,0,0,0,38861,0,0,0,0,0,0,0
70229.0,1,255,255,255,255,255,255,255,1,0,0,0,0,0,0,0,38863,0,0,0,0,0,0,0
70231.0,1,255,255,255,255,255,255,255,1,0,0,0,0,0,0,0,38865,0,0,0,0,0,0,0
70232.0,1,255,255,255,255,255,255,255,1,0,0,0,0,0,0,0,38867,0,0,0,0,0,0,0
70234.0,1,255,255,255,255,255,255,255,1,0,0,0,0,0,0,0,38869,0,0,0,0,0,0,0
70235.0,1,255,255,255,255,255,255,255,1,0,0,0,0,0,0,0,38871,0,0,0,0,0,0,0
70237.0,1,255,255,255,255,255,255,255,1,0,0,0,0,0,0,0,38873,0,0,0,0,0,0,0
70238.0,1,255,255,255,255,255,255,255,1,0,0,0,0,0,0,0,38875,0,0,0,0,0,0,0
70239.0,1,255,255,255,255,255,255,255,1,0,0,0,0,0,0,0,38877,0,0,0,0,0,0,0
70241.0,1,255,255,255,255,255,255,255,1,0,0,0,0,0,0,0,38879,0,0,0,0,0,0,0
70242.0,1,255,255,255,255,255,255,255,1,0,0,0,0,0,0,0,38881,0,0,0,0,0,0,0
70244.0,1,255,255,255,255,255,255,255,1,0,0,0,0,0,0,0,38883,0,0,0,0,0,0,0
70246.0,1,255,255,255,255,255,255,255,1,0,0,0,0,0,0,0,38885,0,0,0,0,0,0,0
70248.0,1,255,255,255,255,255,255,255,1,0,0,0,0,0,0,0,38887,0,0,0,0,0,0,0
70249.0,1,255,255,255,255,255,255,255,1,0,0,0,0,0,0,0,38889,0,0,0,0,0,0,0
70276.0,4,4,4,4,255,255,255,255,2,2,2,2,0,0,0,0,34,34,34,34,0,0,0,0
70322.0,0,1,2,255,255,255,255,255,2,2,2,0,0,0,0,0,267,267,267,0,0,0,0,0
70345.0,0,0,0,255,255,255,255,255,2,2,2,0,0,0,0,0,274,274,274,0,0,0,0,0
70347.0,3,255,255,255,255,255,255,255,2,0,0,0,0,0,0,0,34,0,0,0,0,0,0,0
70412.0,3,255,255,255,255,255,255,255,2,0,0,0,0,0,0,0,6,0,0,0,0,0,0,0
70421.0,3,255,255,255,255,255,255,255,2,0,0,0,0,0,0,0,48,0,0,0,0,0,0,0
70421.1,5,255,255,255,255,255,255,255,2,0,0,0,0,0,0,0,48,0,0,0,0,0,0,0
70421.2,7,255,255,255,255,255,255,255,2,0,0,0,0,0,0,0,48,0,0,0,0,0,0,0
70452.0,1,255,255,255,255,255,255,255,2,0,0,0,0,0,0,0,28,0,0,0,0,0,0,0
70505.0,0,255,255,255,255,255,255,255,1,0,0,0,0,0,0,0,43887,0,0,0,0,0,0,0
70506.0,0,255,255,255,255,255,255,255,1,0,0,0,0,0,0,0,43888,0,0,0,0,0,0,0
70507.0,0,255,255,255,255,255,255,255,1,0,0,0,0,0,0,0,43889,0,0,0,0,0,0,0
70508.0,2,255,255,255,255,255,255,255,1,0,0,0,0,0,0,0,43907,0,0,0,0,0,0,0
70509.0,0,255,255,255,255,255,255,255,1,0,0,0,0,0,0,0,43890,0,0,0,0,0,0,0
70510.0,2,255,255,255,255,255,255,255,1,0,0,0,0,0,0,0,43908,0,0,0,0,0,0,0
70512.0,0,255,255,255,255,255,255,255,1,0,0,0,0,0,0,0,43891,0,0,0,0,0,0,0
70513.0,0,255,255,255,255,255,255,255,1,0,0,0,0,0,0,0,43892,0,0,0,0,0,0,0
70514.0,0,255,255,255,255,255,255,255,1,0,0,0,0,0,0,0,43893,0,0,0,0,0,0,0
70515.0,5,255,255,255,255,255,255,255,1,0,0,0,0,0,0,0,43909,0,0,0,0,0,0,0
70516.0,0,255,255,255,255,255,255,255,1,0,0,0,0,0,0,0,43894,0,0,0,0,0,0,0
70517.0,1,255,255,255,255,255,255,255,1,0,0,0,0,0,0,0,43910,0,0,0,0,0,0,0
70519.0,0,255,255,255,255,255,255,255,1,0,0,0,0,0,0,0,43895,0,0,0,0,0,0,0
70520.0,0,255,255,255,255,255,255,255,1,0,0,0,0,0,0,0,43896,0,0,0,0,0,0,0
70521.0,0,255,255,255,255,255,255,255,1,0,0,0,0,0,0,0,43897,0,0,0,0,0,0,0
70522.0,5,255,255,255,255,255,255,255,1,0,0,0,0,0,0,0,43911,0,0,0,0,0,0,0
70523.0,0,255,255,255,255,255,255,255,1,0,0,0,0,0,0,0,43898,0,0,0,0,0,0,0
70524.0,0,255,255,255,255,255,255,255,1,0,0,0,0,0,0,0,43912,0,0,0,0,0,0,0
70563.0,0,0,255,255,255,255,255,255,2,2,0,0,0,0,0,0,35,35,0,0,0,0,0,0
70578.0,3,255,255,255,255,255,255,255,2,0,0,0,0,0,0,0,23,0,0,0,0,0,0,0
70584.0,0,255,255,255,255,255,255,255,2,0,0,0,0,0,0,0,35,0,0,0,0,0,0,0
70602.0,1,255,255,255,255,255,255,255,2,0,0,0,0,0,0,0,58,0,0,0,0,0,0,0
70659.0,0,255,255,255,255,255,255,255,2,0,0,0,0,0,0,0,105,0,0,0,0,0,0,0
70663.0,2,255,255,255,255,255,255,255,2,0,0,0,0,0,0,0,11,0,0,0,0,0,0,0
70664.0,1,255,255,255,255,255,255,255,2,0,0,0,0,0,0,0,140,0,0,0,0,0,0,0
70676.0,3,255,255,255,255,255,255,255,2,0,0,0,0,0,0,0,139,0,0,0,0,0,0,0
70678.0,1,1,1,255,255,255,255,255,2,2,2,0,0,0,0,0,11,11,11,0,0,0,0,0
70688.0,1,255,255,255,255,255,255,255,2,0,0,0,0,0,0,0,6,0,0,0,0,0,0,0
70688.1,2,255,255,255,255,255,255,255,2,0,0,0,0,0,0,0,6,0,0,0,0,0,0,0
70688.2,3,255,255,255,255,255,255,255,2,0,0,0,0,0,0,0,30,0,0,0,0,0,0,0
70693.0,0,255,255,255,255,255,255,255,2,0,0,0,0,0,0,0,28,0,0,0,0,0,0,0
70701.0,2,255,255,255,255,255,255,255,2,0,0,0,0,0,0,0,12,0,0,0,0,0,0,0
70706.0,2,255,255,255,255,255,255,255,2,0,0,0,0,0,0,0,30,0,0,0,0,0,0,0
70719.0,0,0,255,255,255,255,255,255,2,2,0,0,0,0,0,0,278,278,0,0,0,0,0,0
70720.0,2,255,255,255,255,255,255,255,2,0,0,0,0,0,0,0,35,0,0,0,0,0,0,0
70724.0,1,255,255,255,255,255,255,255,2,0,0,0,0,0,0,0,2,0,0,0,0,0,0,0
70726.0,4,255,255,255,255,255,255,255,2,0,0,0,0,0,0,0,282,0,0,0,0,0,0,0
70837.0,0,0,0,0,0,0,0,0,0,0,0,0,0,0,0,0,0,0,0,0,0,0,0,0
